Date Sold,Product Name,Product Category,Quantity,Sell Price,Store Name,Revenue
2024-04-24,Jeans,Children,7,43.66,Store A,305.62
2023-07-19,T-Shirt,Children,15,93.83,Store B,1407.45
2024-03-10,Skirt,Unisex,11,88.45,Store C,972.95
2023-07-25,Dress,Women,8,50.36,Store D,402.88
2023-12-20,Dress,Unisex,7,23.95,Store E,167.65
2024-04-20,Jacket,Unisex,19,96.57,Store A,1834.83
2024-04-17,Jeans,Children,11,35.51,Store C,390.60999999999996
2024-03-13,Pants,Children,11,66.36,Store C,729.96
2024-05-18,Jeans,Unisex,4,91.25,Store B,365.0
2023-06-14,Coat,Unisex,8,13.5,Store A,108.0
2023-09-08,Sweater,Children,3,59.54,Store D,178.62
2024-03-22,T-Shirt,Women,2,55.84,Store D,111.68
2024-01-28,T-Shirt,Women,12,73.7,Store E,884.4000000000001
2024-03-08,Jeans,Unisex,6,93.98,Store E,563.88
2023-08-07,Dress,Women,2,91.76,Store B,183.52
2024-03-26,Dress,Unisex,1,21.63,Store A,21.63
2023-08-11,Pants,Men,12,88.81,Store D,1065.72
2024-02-18,Coat,Children,12,21.7,Store A,260.4
2023-08-26,T-Shirt,Unisex,17,92.37,Store B,1570.29
2024-05-21,Pants,Unisex,10,99.73,Store A,997.3000000000001
2023-07-06,Dress,Unisex,16,42.71,Store A,683.36
2023-12-01,Pants,Women,15,52.06,Store A,780.9000000000001
2023-08-09,Sweater,Unisex,15,93.98,Store B,1409.7
2024-02-12,Dress,Men,19,96.4,Store B,1831.6000000000001
2023-10-12,Shorts,Women,12,92.97,Store B,1115.6399999999999
2024-04-05,Coat,Children,3,88.29,Store D,264.87
2024-04-21,Skirt,Men,5,5.88,Store C,29.4
2023-07-12,T-Shirt,Unisex,19,58.96,Store A,1120.24
2023-09-13,Jacket,Men,7,15.19,Store E,106.33
2024-01-11,Sweater,Unisex,9,98.38,Store E,885.42
2023-12-23,Blouse,Men,7,32.03,Store C,224.21
2023-10-19,Skirt,Women,18,98.96,Store A,1781.28
2023-06-21,Jacket,Unisex,4,56.61,Store A,226.44
2024-03-10,Dress,Women,14,51.92,Store A,726.88
2023-08-02,Blouse,Men,18,94.16,Store B,1694.8799999999999
2024-06-10,Jeans,Unisex,9,85.85,Store D,772.65
2024-03-08,Jeans,Children,2,49.46,Store B,98.92
2023-07-13,Sweater,Children,15,23.32,Store A,349.8
2024-02-24,Jeans,Unisex,7,15.7,Store C,109.89999999999999
2023-12-21,Blouse,Men,12,20.44,Store A,245.28000000000003
2024-01-29,Blouse,Children,8,48.6,Store A,388.8
2023-11-18,Coat,Unisex,15,29.44,Store D,441.6
2024-02-09,Skirt,Children,3,22.69,Store A,68.07000000000001
2024-05-06,T-Shirt,Unisex,14,74.98,Store B,1049.72
2023-12-14,Shorts,Men,17,80.12,Store E,1362.04
2023-11-17,Pants,Men,4,58.94,Store D,235.76
2024-03-15,Jeans,Women,18,76.94,Store D,1384.92
2024-01-18,Sweater,Children,8,21.67,Store D,173.36
2023-10-28,Jeans,Women,4,86.33,Store A,345.32
2023-08-29,Pants,Men,2,90.22,Store D,180.44
2023-09-13,Skirt,Unisex,6,83.56,Store D,501.36
2023-08-14,Coat,Men,10,53.95,Store B,539.5
2023-08-10,Blouse,Men,4,13.24,Store C,52.96
2023-08-16,Coat,Unisex,18,68.58,Store B,1234.44
2023-10-01,Dress,Women,12,22.55,Store B,270.6
2023-08-05,Jeans,Children,2,18.36,Store C,36.72
2024-04-08,T-Shirt,Men,10,35.74,Store C,357.40000000000003
2023-10-19,Dress,Men,4,28.56,Store D,114.24
2024-01-24,Skirt,Children,14,29.77,Store B,416.78
2024-02-29,Jeans,Men,16,27.37,Store A,437.92
2023-12-07,Dress,Children,15,76.61,Store E,1149.15
2023-07-27,Jeans,Children,8,95.63,Store E,765.04
2023-12-29,Sweater,Children,14,33.68,Store E,471.52
2023-10-19,Skirt,Unisex,8,73.67,Store B,589.36
2023-10-23,Shorts,Women,16,6.09,Store C,97.44
2023-08-27,Blouse,Women,13,67.1,Store D,872.3
2023-12-30,Jacket,Unisex,18,70.81,Store D,1274.58
2024-06-06,Blouse,Women,15,10.9,Store E,163.5
2023-11-12,Blouse,Women,13,16.23,Store D,210.99
2024-01-20,Dress,Women,9,34.15,Store A,307.34999999999997
2024-02-21,Skirt,Men,15,43.51,Store A,652.65
2024-02-20,Jeans,Unisex,13,52.74,Store C,685.62
2023-12-09,Coat,Women,1,90.04,Store D,90.04
2024-05-26,Jacket,Unisex,7,71.84,Store B,502.88
2023-10-01,Pants,Women,9,34.54,Store D,310.86
2024-06-08,Dress,Women,1,16.15,Store B,16.15
2023-06-24,Jacket,Unisex,12,92.03,Store E,1104.3600000000001
2023-10-04,Shorts,Children,8,33.03,Store B,264.24
2024-02-27,Sweater,Unisex,11,63.39,Store E,697.29
2024-02-24,Skirt,Children,19,25.82,Store A,490.58
2024-03-30,Pants,Men,17,17.69,Store D,300.73
2024-03-01,Dress,Unisex,8,19.55,Store C,156.4
2024-05-12,Blouse,Children,3,76.03,Store D,228.09
2024-06-06,T-Shirt,Women,3,62.55,Store E,187.64999999999998
2023-09-21,Dress,Men,1,44.51,Store D,44.51
2024-01-19,T-Shirt,Unisex,5,57.18,Store C,285.9
2024-05-20,Blouse,Children,10,49.73,Store E,497.29999999999995
2024-01-31,Sweater,Children,7,56.06,Store E,392.42
2023-12-01,Skirt,Unisex,9,68.09,Store C,612.8100000000001
2023-07-15,Jeans,Children,7,25.75,Store D,180.25
2024-02-04,Dress,Unisex,9,28.51,Store C,256.59000000000003
2024-05-16,Coat,Children,8,76.7,Store B,613.6
2024-03-19,Blouse,Women,12,87.95,Store A,1055.4
2023-10-06,Dress,Unisex,2,12.78,Store C,25.56
2023-09-11,Shorts,Unisex,1,47.44,Store E,47.44
2024-04-19,Sweater,Men,16,71.86,Store B,1149.76
2024-01-05,Shorts,Women,5,12.42,Store A,62.1
2023-11-05,Jacket,Unisex,3,58.6,Store C,175.8
2024-04-29,Skirt,Children,12,10.87,Store A,130.44
2024-06-01,Jacket,Children,8,57.03,Store D,456.24
2024-05-07,Dress,Children,3,53.02,Store E,159.06
2023-10-21,Pants,Men,1,59.41,Store C,59.41
2024-03-21,Pants,Unisex,3,19.24,Store E,57.72
2023-06-23,Skirt,Children,5,36.17,Store B,180.85000000000002
2023-10-01,Coat,Men,15,54.43,Store B,816.45
2023-10-26,Sweater,Men,14,16.04,Store A,224.56
2024-01-18,Coat,Unisex,3,24.51,Store B,73.53
2023-07-23,Sweater,Children,1,60.4,Store B,60.4
2023-09-24,Blouse,Women,5,13.64,Store C,68.2
2023-06-16,Dress,Children,14,53.49,Store E,748.86
2024-03-04,Jacket,Women,7,81.83,Store A,572.81
2023-11-23,Pants,Women,9,48.08,Store B,432.71999999999997
2023-06-27,Shorts,Children,15,53.76,Store E,806.4
2024-04-13,Jeans,Women,15,48.4,Store D,726.0
2023-09-28,T-Shirt,Men,10,10.48,Store C,104.80000000000001
2024-03-30,Jeans,Men,13,48.93,Store B,636.09
2023-08-24,Jacket,Children,19,81.66,Store B,1551.54
2024-03-29,Jacket,Unisex,7,73.71,Store B,515.9699999999999
2023-07-20,Sweater,Men,17,42.62,Store E,724.54
2024-05-25,Coat,Children,4,82.56,Store C,330.24
2024-01-19,Jeans,Women,5,75.85,Store C,379.25
2023-11-14,Sweater,Men,7,59.94,Store E,419.58
2024-03-02,Sweater,Children,13,9.3,Store A,120.9
2023-11-11,Coat,Children,15,37.73,Store C,565.9499999999999
2024-04-29,Shorts,Unisex,11,11.06,Store E,121.66000000000001
2023-10-26,Pants,Women,4,99.44,Store E,397.76
2023-09-27,Skirt,Women,13,93.79,Store B,1219.27
2024-01-03,Pants,Women,7,11.56,Store E,80.92
2023-09-09,T-Shirt,Children,19,93.71,Store B,1780.4899999999998
2024-03-18,Jeans,Children,2,8.01,Store D,16.02
2024-04-20,Pants,Women,10,43.84,Store E,438.40000000000003
2023-09-17,Skirt,Children,13,78.05,Store C,1014.65
2024-04-06,Blouse,Unisex,6,77.75,Store B,466.5
2023-08-15,Jeans,Children,12,97.94,Store D,1175.28
2023-10-09,Skirt,Children,12,66.36,Store A,796.3199999999999
2024-05-08,Sweater,Men,11,44.93,Store A,494.23
2024-03-12,Jacket,Unisex,7,99.32,Store A,695.24
2023-11-17,Shorts,Men,1,41.34,Store B,41.34
2024-05-30,T-Shirt,Women,1,87.61,Store E,87.61
2023-07-20,Skirt,Women,13,91.14,Store B,1184.82
2023-10-19,Pants,Unisex,9,40.69,Store A,366.21
2024-02-05,Jacket,Children,3,69.86,Store E,209.57999999999998
2023-10-10,Pants,Men,7,67.87,Store D,475.09000000000003
2023-11-11,Jeans,Unisex,6,56.23,Store A,337.38
2024-01-18,Skirt,Men,8,67.09,Store C,536.72
2023-10-04,Pants,Children,9,38.04,Store E,342.36
2024-06-09,Coat,Men,5,21.95,Store B,109.75
2023-09-24,Dress,Unisex,1,56.04,Store B,56.04
2023-11-04,Jacket,Children,19,55.24,Store C,1049.56
2024-05-06,Blouse,Children,10,74.15,Store B,741.5
2023-11-14,Jacket,Unisex,12,26.16,Store C,313.92
2023-12-18,Pants,Children,15,5.33,Store A,79.95
2023-07-02,Pants,Men,9,7.16,Store A,64.44
2023-09-04,T-Shirt,Women,17,33.34,Store B,566.7800000000001
2023-12-16,Coat,Unisex,17,68.98,Store E,1172.66
2023-10-10,Blouse,Men,12,56.72,Store B,680.64
2024-01-25,Shorts,Children,7,55.53,Store A,388.71000000000004
2023-12-03,T-Shirt,Women,2,83.22,Store E,166.44
2024-06-03,Jeans,Men,3,28.51,Store C,85.53
2023-06-24,Blouse,Unisex,17,37.89,Store A,644.13
2023-12-18,Skirt,Children,5,31.19,Store C,155.95000000000002
2023-06-17,Dress,Unisex,17,94.05,Store D,1598.85
2024-04-11,T-Shirt,Men,17,73.88,Store E,1255.96
2023-11-26,Dress,Women,17,15.72,Store A,267.24
2024-04-20,Coat,Men,2,81.9,Store C,163.8
2023-09-07,Jeans,Men,2,44.83,Store C,89.66
2023-12-11,Jeans,Children,5,77.78,Store C,388.9
2023-11-27,Shorts,Unisex,1,88.96,Store B,88.96
2023-11-28,Jeans,Men,1,6.49,Store B,6.49
2023-08-06,Pants,Men,19,24.58,Store D,467.02
2023-09-30,Jacket,Women,2,14.59,Store D,29.18
2023-12-24,Jacket,Women,12,8.19,Store C,98.28
2024-02-11,Shorts,Unisex,6,61.79,Store B,370.74
2023-09-27,Pants,Unisex,4,71.81,Store E,287.24
2024-01-15,Jacket,Children,11,9.62,Store E,105.82
2023-10-24,Skirt,Unisex,17,75.35,Store C,1280.9499999999998
2023-09-09,Pants,Women,6,43.22,Store B,259.32
2023-09-08,Coat,Unisex,5,27.26,Store E,136.3
2023-11-29,Sweater,Men,2,25.64,Store B,51.28
2023-12-07,Dress,Unisex,6,87.05,Store D,522.3
2023-09-19,Pants,Unisex,11,10.36,Store C,113.96
2023-09-20,Dress,Children,16,52.87,Store C,845.92
2024-03-08,Skirt,Men,16,32.48,Store B,519.68
2023-11-08,Sweater,Children,1,82.5,Store B,82.5
2024-01-21,Blouse,Women,9,74.49,Store A,670.41
2024-02-12,Shorts,Unisex,6,35.3,Store E,211.79999999999998
2024-04-12,Pants,Unisex,16,61.8,Store D,988.8
2023-10-03,Shorts,Women,3,68.89,Store E,206.67000000000002
2023-12-23,Jeans,Children,4,35.46,Store A,141.84
2024-03-08,Dress,Men,19,33.67,Store B,639.73
2024-05-11,Dress,Children,3,18.61,Store E,55.83
2023-10-20,Jeans,Children,19,67.72,Store C,1286.68
2023-06-19,Blouse,Men,7,26.0,Store E,182.0
2024-02-13,T-Shirt,Unisex,9,33.55,Store B,301.95
2023-12-14,Coat,Children,1,10.79,Store E,10.79
2023-08-01,Pants,Women,8,95.11,Store A,760.88
2023-06-20,Dress,Men,7,88.57,Store D,619.99
2024-05-27,Coat,Unisex,18,91.6,Store B,1648.8
2024-01-29,Dress,Men,8,64.47,Store C,515.76
2023-09-20,T-Shirt,Women,1,45.58,Store A,45.58
2023-09-29,Jeans,Men,11,52.08,Store B,572.88
2023-12-13,T-Shirt,Men,18,97.37,Store C,1752.66
2023-09-09,Dress,Children,10,94.45,Store C,944.5
2024-01-27,Jeans,Women,3,68.78,Store B,206.34
2023-09-20,T-Shirt,Women,7,79.65,Store A,557.5500000000001
2024-01-07,Blouse,Women,16,35.28,Store C,564.48
2023-06-14,Jeans,Men,16,44.55,Store D,712.8
2024-03-12,Pants,Women,17,19.18,Store A,326.06
2023-06-28,Dress,Women,2,40.76,Store C,81.52
2023-10-24,Skirt,Women,1,76.67,Store B,76.67
2023-06-18,Shorts,Children,16,49.98,Store B,799.68
2024-06-11,Dress,Women,12,85.69,Store A,1028.28
2024-05-20,Pants,Men,5,33.57,Store C,167.85
2023-08-01,Jacket,Children,5,72.22,Store C,361.1
2023-10-17,Coat,Women,9,81.55,Store A,733.9499999999999
2024-02-03,Coat,Women,9,91.9,Store A,827.1
2023-06-29,Shorts,Children,3,58.43,Store A,175.29
2023-08-06,Dress,Women,19,96.94,Store D,1841.86
2023-12-30,Shorts,Men,16,57.94,Store D,927.04
2024-03-06,Sweater,Men,16,17.74,Store D,283.84
2023-07-10,Dress,Women,3,28.07,Store B,84.21000000000001
2023-11-13,Jeans,Men,1,24.32,Store D,24.32
2023-11-02,Jeans,Children,11,66.44,Store D,730.8399999999999
2024-04-28,Sweater,Women,17,92.61,Store D,1574.37
2024-05-19,Blouse,Children,8,85.48,Store C,683.84
2023-08-20,Sweater,Men,4,13.78,Store E,55.12
2023-07-02,Sweater,Women,6,73.84,Store D,443.04
2023-07-23,Shorts,Children,8,23.1,Store A,184.8
2024-04-09,T-Shirt,Men,3,30.5,Store D,91.5
2023-08-03,Jeans,Women,16,69.0,Store E,1104.0
2023-09-17,T-Shirt,Unisex,3,62.28,Store B,186.84
2023-10-24,Sweater,Men,18,87.99,Store B,1583.82
2023-09-14,Blouse,Men,14,22.88,Store D,320.32
2024-04-27,Jeans,Unisex,18,77.36,Store A,1392.48
2023-06-22,Dress,Unisex,2,73.81,Store A,147.62
2024-05-07,Dress,Children,3,58.09,Store C,174.27
2024-03-28,Dress,Men,16,50.54,Store A,808.64
2023-12-31,Pants,Unisex,9,87.6,Store C,788.4
2023-11-24,Shorts,Women,4,36.63,Store C,146.52
2023-10-21,Jacket,Men,1,95.92,Store A,95.92
2024-03-29,Sweater,Children,4,6.46,Store A,25.84
2023-12-24,Jacket,Unisex,1,94.03,Store C,94.03
2023-12-18,Skirt,Men,14,96.4,Store B,1349.6000000000001
2024-02-18,Shorts,Men,16,16.15,Store D,258.4
2024-03-17,Dress,Unisex,8,99.96,Store B,799.68
2024-05-19,Jeans,Unisex,7,50.5,Store A,353.5
2023-12-23,Shorts,Unisex,3,28.05,Store E,84.15
2024-03-21,Pants,Men,17,62.42,Store A,1061.14
2023-09-09,Jeans,Unisex,1,24.43,Store C,24.43
2023-08-21,T-Shirt,Unisex,16,91.94,Store E,1471.04
2023-07-23,Pants,Men,12,57.45,Store E,689.4000000000001
2024-04-15,T-Shirt,Men,19,78.67,Store D,1494.73
2024-01-05,Jeans,Children,14,41.16,Store A,576.24
2023-11-24,Dress,Women,6,55.7,Store D,334.20000000000005
2024-05-14,Jacket,Men,6,39.13,Store B,234.78000000000003
2023-12-11,Sweater,Women,13,29.85,Store E,388.05
2024-03-06,Shorts,Children,19,53.72,Store D,1020.68
2023-09-04,Shorts,Children,8,52.24,Store B,417.92
2024-05-31,Dress,Unisex,2,14.37,Store A,28.74
2023-12-03,Sweater,Children,1,98.23,Store A,98.23
2023-06-14,T-Shirt,Unisex,15,49.6,Store C,744.0
2023-11-23,Jacket,Unisex,1,84.77,Store B,84.77
2023-12-03,Sweater,Men,5,91.86,Store B,459.3
2024-04-10,T-Shirt,Men,16,40.22,Store D,643.52
2023-06-23,Sweater,Women,19,44.32,Store E,842.08
2023-09-18,Skirt,Unisex,4,58.44,Store E,233.76
2023-06-21,Shorts,Unisex,3,26.02,Store C,78.06
2024-04-20,Skirt,Women,17,18.86,Store C,320.62
2023-11-06,Sweater,Unisex,17,29.77,Store C,506.09
2024-05-03,Pants,Children,12,93.8,Store B,1125.6
2024-04-11,Shorts,Unisex,14,60.02,Store A,840.2800000000001
2024-01-20,Jacket,Unisex,6,44.67,Store A,268.02
2024-04-09,Dress,Unisex,3,19.48,Store D,58.44
2023-12-27,Skirt,Men,9,36.34,Store E,327.06000000000006
2023-10-17,Dress,Children,5,41.08,Store E,205.39999999999998
2023-06-13,T-Shirt,Unisex,17,84.17,Store D,1430.89
2023-12-06,Coat,Children,14,52.43,Store B,734.02
2024-05-19,Pants,Children,3,67.19,Store A,201.57
2023-08-30,T-Shirt,Children,1,70.06,Store C,70.06
2023-09-29,Blouse,Women,1,29.45,Store A,29.45
2023-12-19,T-Shirt,Unisex,3,83.05,Store D,249.14999999999998
2024-05-16,T-Shirt,Men,18,96.82,Store A,1742.7599999999998
2024-06-06,Coat,Men,10,65.96,Store C,659.5999999999999
2024-01-27,Shorts,Men,3,51.61,Store E,154.82999999999998
2024-05-08,Pants,Men,8,20.98,Store D,167.84
2023-06-28,Pants,Unisex,14,80.52,Store B,1127.28
2023-12-07,Jacket,Men,18,21.08,Store A,379.43999999999994
2023-10-29,T-Shirt,Children,15,73.43,Store A,1101.45
2024-04-07,Pants,Women,2,51.39,Store B,102.78
2024-01-31,Jeans,Men,10,92.11,Store B,921.1
2024-03-03,Jacket,Children,2,56.5,Store C,113.0
2024-05-16,Jeans,Men,17,65.97,Store A,1121.49
2023-12-22,Coat,Unisex,8,10.58,Store D,84.64
2024-04-19,Jeans,Children,1,8.21,Store A,8.21
2023-11-06,Dress,Unisex,9,85.44,Store C,768.96
2024-05-23,Sweater,Men,11,94.79,Store D,1042.69
2023-12-11,Jeans,Children,16,68.48,Store D,1095.68
2024-01-28,Coat,Children,7,77.61,Store D,543.27
2023-08-17,Dress,Children,10,44.18,Store C,441.8
2023-11-10,Coat,Men,3,85.04,Store A,255.12
2024-02-04,Coat,Women,18,26.99,Store E,485.82
2023-08-16,T-Shirt,Women,13,72.18,Store D,938.3400000000001
2024-04-29,Coat,Unisex,7,5.87,Store B,41.09
2024-04-01,Jeans,Women,4,53.04,Store C,212.16
2023-11-24,Sweater,Men,13,40.45,Store D,525.85
2024-05-20,Coat,Children,1,63.69,Store C,63.69
2023-12-22,Coat,Children,8,68.34,Store B,546.72
2024-03-08,Pants,Men,14,63.57,Store D,889.98
2023-11-17,Blouse,Children,16,50.9,Store A,814.4
2024-05-14,Skirt,Women,14,51.35,Store C,718.9
2023-08-07,Dress,Unisex,12,5.63,Store D,67.56
2023-11-10,Blouse,Men,19,57.41,Store D,1090.79
2023-09-15,Dress,Children,15,6.13,Store C,91.95
2023-12-03,Skirt,Men,2,55.29,Store B,110.58
2023-12-22,Sweater,Women,2,31.1,Store C,62.2
2023-12-25,Jacket,Children,19,97.86,Store E,1859.34
2023-06-21,Skirt,Children,17,6.63,Store A,112.71
2024-01-03,Shorts,Children,10,82.25,Store B,822.5
2024-02-04,Blouse,Children,6,69.03,Store A,414.18
2023-10-21,Jeans,Men,15,81.59,Store A,1223.8500000000001
2024-03-19,T-Shirt,Women,11,91.43,Store C,1005.73
2023-10-23,Shorts,Women,5,15.17,Store E,75.85
2024-03-24,Coat,Unisex,1,14.15,Store D,14.15
2023-11-03,Coat,Men,8,19.15,Store E,153.2
2024-03-03,Jeans,Women,12,23.23,Store B,278.76
2024-04-13,Jeans,Men,12,55.01,Store E,660.12
2023-12-28,Pants,Men,5,82.45,Store A,412.25
2023-10-12,Dress,Women,7,30.4,Store D,212.79999999999998
2023-09-27,Pants,Unisex,4,42.71,Store E,170.84
2024-03-13,Skirt,Unisex,6,40.44,Store D,242.64
2024-04-06,Jacket,Unisex,13,43.57,Store E,566.41
2024-02-08,Blouse,Children,15,58.68,Store D,880.2
2023-07-14,Jeans,Women,3,99.07,Store E,297.21
2024-02-18,Dress,Children,8,26.46,Store B,211.68
2024-04-16,Blouse,Children,16,69.98,Store D,1119.68
2024-05-26,Skirt,Children,13,85.55,Store C,1112.1499999999999
2023-09-23,Jacket,Men,18,67.1,Store A,1207.8
2023-10-07,Shorts,Men,10,86.53,Store D,865.3
2024-01-29,Pants,Women,19,77.16,Store A,1466.04
2023-06-21,Skirt,Women,17,13.88,Store E,235.96
2023-11-20,Coat,Men,19,41.03,Store E,779.57
2023-08-22,Pants,Men,5,57.51,Store E,287.55
2024-02-24,T-Shirt,Children,9,10.33,Store E,92.97
2023-10-14,Pants,Unisex,12,5.9,Store E,70.80000000000001
2024-02-04,Skirt,Unisex,1,21.28,Store B,21.28
2023-08-14,Jeans,Unisex,1,52.49,Store A,52.49
2023-06-21,Jacket,Unisex,15,46.22,Store D,693.3
2024-02-26,Skirt,Unisex,2,79.52,Store B,159.04
2024-03-13,Jeans,Children,16,58.76,Store B,940.16
2024-01-24,Jeans,Women,8,86.51,Store B,692.08
2024-03-16,Pants,Men,13,14.06,Store B,182.78
2024-04-23,Jacket,Children,1,55.18,Store B,55.18
2024-04-20,Skirt,Unisex,16,9.04,Store A,144.64
2024-05-02,Skirt,Men,7,25.08,Store D,175.56
2024-02-21,Coat,Children,5,87.47,Store A,437.35
2023-08-01,Dress,Unisex,3,89.32,Store D,267.96
2023-09-08,Blouse,Children,12,50.17,Store B,602.04
2023-07-18,Dress,Men,16,9.42,Store B,150.72
2024-01-04,Skirt,Women,19,12.06,Store E,229.14000000000001
2024-05-06,Pants,Unisex,5,92.93,Store C,464.65000000000003
2023-11-07,Shorts,Men,14,90.43,Store C,1266.02
2023-09-19,Skirt,Men,5,58.53,Store A,292.65
2023-06-13,T-Shirt,Women,15,8.13,Store A,121.95000000000002
2024-03-12,Jeans,Children,17,93.23,Store D,1584.91
2023-08-07,Sweater,Women,14,34.88,Store E,488.32000000000005
2024-03-05,Skirt,Women,5,96.34,Store D,481.70000000000005
2024-05-26,T-Shirt,Children,12,60.77,Store E,729.24
2023-06-15,T-Shirt,Children,16,76.46,Store C,1223.36
2024-02-13,Blouse,Children,16,72.71,Store C,1163.36
2024-05-18,Jacket,Men,7,42.84,Store E,299.88
2023-12-14,Skirt,Men,4,12.31,Store D,49.24
2024-04-02,Jacket,Unisex,1,20.43,Store A,20.43
2024-05-21,Shorts,Unisex,5,27.84,Store E,139.2
2023-07-20,Pants,Women,10,84.29,Store E,842.9000000000001
2023-09-26,Sweater,Women,5,41.97,Store E,209.85
2024-01-26,Pants,Unisex,4,90.17,Store D,360.68
2023-07-25,T-Shirt,Women,2,36.51,Store A,73.02
2023-07-01,Jeans,Children,10,76.78,Store D,767.8
2023-10-06,Jeans,Men,19,18.3,Store B,347.7
2024-02-29,Jacket,Unisex,1,98.91,Store B,98.91
2023-11-16,Pants,Men,5,73.8,Store E,369.0
2023-06-14,T-Shirt,Unisex,13,52.58,Store E,683.54
2023-09-24,Blouse,Men,4,97.56,Store E,390.24
2024-01-31,Coat,Unisex,16,10.1,Store A,161.6
2024-04-16,Pants,Men,16,46.52,Store A,744.32
2023-08-14,Jacket,Children,2,84.67,Store E,169.34
2024-05-02,Sweater,Unisex,17,37.36,Store A,635.12
2024-02-03,Jacket,Unisex,12,78.06,Store C,936.72
2023-07-12,T-Shirt,Unisex,18,95.71,Store E,1722.78
2023-09-23,Skirt,Children,3,42.69,Store C,128.07
2023-07-04,Blouse,Men,1,78.49,Store D,78.49
2024-03-02,T-Shirt,Unisex,1,7.81,Store C,7.81
2024-02-19,Blouse,Men,19,30.97,Store D,588.43
2024-01-31,Dress,Children,11,99.3,Store D,1092.3
2023-09-12,Dress,Women,5,51.61,Store E,258.05
2023-10-31,Jeans,Unisex,12,38.8,Store E,465.59999999999997
2024-04-29,Blouse,Children,3,94.41,Store D,283.23
2024-04-13,Pants,Men,1,46.03,Store A,46.03
2024-05-22,Sweater,Unisex,1,69.57,Store B,69.57
2024-01-26,Coat,Men,8,67.76,Store C,542.08
2024-01-30,Jacket,Women,10,13.14,Store D,131.4
2024-04-22,Dress,Unisex,11,63.77,Store B,701.47
2023-10-14,Jacket,Unisex,12,80.82,Store E,969.8399999999999
2023-11-26,Jacket,Men,13,72.75,Store E,945.75
2023-10-14,Sweater,Unisex,12,12.79,Store D,153.48
2024-02-15,T-Shirt,Children,14,19.65,Store A,275.09999999999997
2024-02-02,Jacket,Children,2,72.61,Store D,145.22
2024-04-10,Blouse,Women,19,65.22,Store C,1239.18
2024-04-01,Sweater,Children,18,75.27,Store B,1354.86
2024-02-27,Dress,Women,3,35.08,Store A,105.24
2024-03-22,Skirt,Men,17,15.12,Store D,257.03999999999996
2024-03-01,Jacket,Men,8,5.49,Store C,43.92
2023-08-19,Jeans,Women,10,34.29,Store C,342.9
2024-03-19,Sweater,Children,2,39.19,Store A,78.38
2023-09-19,T-Shirt,Children,19,30.63,Store C,581.97
2024-06-05,Shorts,Women,9,17.59,Store C,158.31
2024-03-22,Dress,Women,7,22.8,Store C,159.6
2024-06-10,Dress,Men,4,47.64,Store C,190.56
2023-12-15,Shorts,Women,18,57.7,Store D,1038.6000000000001
2024-04-20,Blouse,Children,13,43.76,Store A,568.88
2023-09-03,Skirt,Women,11,7.49,Store B,82.39
2024-03-09,Dress,Women,4,38.62,Store B,154.48
2023-11-05,Dress,Women,4,13.84,Store C,55.36
2023-06-22,T-Shirt,Men,10,61.81,Store D,618.1
2023-09-20,Dress,Women,5,35.82,Store C,179.1
2023-08-14,Sweater,Unisex,9,41.6,Store C,374.40000000000003
2023-12-31,Blouse,Unisex,3,32.73,Store D,98.19
2023-06-20,Skirt,Unisex,17,41.84,Store E,711.2800000000001
2024-02-19,Jeans,Children,3,13.05,Store A,39.150000000000006
2024-05-19,Skirt,Children,16,90.61,Store B,1449.76
2023-12-20,Blouse,Women,4,90.99,Store D,363.96
2023-08-29,Pants,Unisex,18,97.93,Store B,1762.7400000000002
2024-04-01,Sweater,Men,17,59.34,Store D,1008.7800000000001
2023-08-17,Pants,Unisex,7,21.11,Store D,147.76999999999998
2024-01-02,Blouse,Unisex,5,41.17,Store E,205.85000000000002
2024-01-03,T-Shirt,Children,12,18.19,Store C,218.28000000000003
2023-10-13,Jeans,Children,17,33.61,Store A,571.37
2024-04-18,Skirt,Men,13,51.85,Store E,674.0500000000001
2024-05-31,Jacket,Children,3,11.01,Store B,33.03
2024-03-05,Coat,Men,9,46.29,Store A,416.61
2024-05-28,Skirt,Children,17,45.0,Store C,765.0
2023-12-07,T-Shirt,Unisex,17,51.0,Store E,867.0
2023-08-02,Jeans,Unisex,16,12.31,Store D,196.96
2024-04-29,Coat,Men,13,28.91,Store B,375.83
2024-02-22,Sweater,Men,19,28.43,Store E,540.17
2024-02-06,Blouse,Children,17,64.38,Store E,1094.46
2024-01-19,Blouse,Children,4,61.41,Store A,245.64
2024-04-09,Sweater,Men,12,23.58,Store B,282.96
2023-10-27,Coat,Men,9,15.16,Store B,136.44
2023-08-12,Pants,Unisex,19,33.94,Store B,644.8599999999999
2023-11-26,Jeans,Unisex,12,95.14,Store A,1141.68
2024-04-20,Sweater,Men,9,36.56,Store B,329.04
2023-10-14,Coat,Unisex,7,63.92,Store A,447.44
2024-06-04,Dress,Women,14,81.39,Store D,1139.46
2024-04-14,Skirt,Children,19,36.31,Store A,689.8900000000001
2024-05-17,T-Shirt,Unisex,15,36.8,Store C,552.0
2023-06-23,Sweater,Women,16,82.47,Store B,1319.52
2023-12-07,T-Shirt,Men,5,86.65,Store C,433.25
2023-12-11,Pants,Unisex,3,97.55,Store C,292.65
2024-01-27,Pants,Men,12,17.93,Store D,215.16
2023-07-03,Dress,Children,4,35.46,Store E,141.84
2023-10-09,Blouse,Men,16,94.99,Store D,1519.84
2024-01-29,Sweater,Women,7,24.08,Store A,168.56
2024-04-22,Jeans,Men,13,34.85,Store A,453.05
2023-12-15,Blouse,Women,10,96.63,Store B,966.3
2024-02-18,Coat,Unisex,7,97.03,Store C,679.21
2023-08-22,Blouse,Unisex,14,32.69,Store D,457.65999999999997
2023-09-17,Jeans,Women,5,71.02,Store E,355.09999999999997
2023-10-29,Skirt,Children,3,51.65,Store D,154.95
2024-02-10,Pants,Children,11,59.71,Store B,656.8100000000001
2023-12-09,Skirt,Children,11,28.03,Store D,308.33000000000004
2023-11-25,Sweater,Unisex,18,40.73,Store E,733.14
2023-07-24,Blouse,Unisex,15,82.57,Store E,1238.55
2024-02-12,Sweater,Children,12,42.33,Store C,507.96
2024-05-13,Skirt,Men,9,15.82,Store C,142.38
2024-02-20,Pants,Children,10,58.57,Store B,585.7
2024-01-18,Jacket,Men,12,61.26,Store C,735.12
2023-07-31,Dress,Children,17,56.83,Store A,966.11
2023-12-24,Sweater,Men,6,69.76,Store C,418.56000000000006
2024-06-02,Sweater,Unisex,7,57.26,Store A,400.82
2024-05-12,Jacket,Children,14,95.54,Store D,1337.5600000000002
2023-09-08,Coat,Children,13,48.85,Store A,635.0500000000001
2024-05-27,Coat,Women,8,72.29,Store B,578.32
2024-01-20,Skirt,Children,10,46.65,Store E,466.5
2024-05-25,Sweater,Men,9,32.68,Store B,294.12
2024-05-21,Pants,Women,18,70.82,Store B,1274.7599999999998
2024-03-06,T-Shirt,Children,2,82.8,Store B,165.6
2023-08-27,Skirt,Children,5,80.59,Store B,402.95000000000005
2023-08-05,Skirt,Unisex,5,43.87,Store C,219.35
2023-12-01,Dress,Women,6,52.43,Store D,314.58
2023-07-04,Sweater,Men,19,65.17,Store E,1238.23
2024-01-30,Coat,Children,8,27.99,Store A,223.92
2023-07-18,Coat,Unisex,16,67.57,Store A,1081.12
2024-06-08,Blouse,Children,13,72.95,Store D,948.35
2023-07-04,Shorts,Women,1,79.96,Store B,79.96
2023-09-10,Shorts,Men,17,12.03,Store B,204.51
2023-10-04,Shorts,Unisex,7,99.12,Store E,693.84
2023-11-29,Dress,Children,13,50.53,Store A,656.89
2023-08-20,Pants,Men,4,43.08,Store B,172.32
2023-07-24,Shorts,Children,4,53.13,Store C,212.52
2023-08-26,Jacket,Children,6,92.44,Store E,554.64
2023-07-18,Jeans,Women,19,70.71,Store C,1343.4899999999998
2023-07-22,Skirt,Women,12,56.65,Store C,679.8
2023-07-17,Pants,Children,7,80.12,Store D,560.84
2024-03-18,Coat,Unisex,10,39.16,Store D,391.59999999999997
2024-03-05,Blouse,Women,19,90.07,Store C,1711.33
2024-05-19,Jeans,Women,7,56.01,Store D,392.07
2024-01-10,Dress,Women,3,65.63,Store C,196.89
2024-03-28,Skirt,Women,13,13.07,Store B,169.91
2023-09-01,Dress,Men,13,78.05,Store D,1014.65
2024-06-08,Dress,Children,18,67.47,Store C,1214.46
2024-05-26,Jacket,Men,8,38.73,Store E,309.84
2023-07-07,T-Shirt,Men,9,66.46,Store E,598.14
2024-04-29,T-Shirt,Children,7,9.21,Store D,64.47
2023-11-18,Dress,Women,1,98.44,Store E,98.44
2023-11-05,Shorts,Unisex,3,69.36,Store A,208.07999999999998
2024-04-05,Coat,Women,13,42.96,Store A,558.48
2023-08-12,Jeans,Women,17,76.5,Store E,1300.5
2024-06-04,Shorts,Women,1,96.74,Store C,96.74
2024-03-11,Sweater,Women,6,45.89,Store E,275.34000000000003
2023-09-10,Coat,Unisex,6,6.0,Store E,36.0
2023-11-19,Dress,Men,12,29.58,Store E,354.96
2023-11-03,Sweater,Unisex,13,53.51,Store C,695.63
2023-11-25,Shorts,Children,13,54.29,Store C,705.77
2023-09-29,Sweater,Women,15,60.15,Store A,902.25
2023-10-09,Dress,Unisex,16,59.65,Store D,954.4
2023-07-17,Jacket,Children,11,47.35,Store A,520.85
2024-03-29,T-Shirt,Unisex,5,42.16,Store C,210.79999999999998
2023-09-15,Jeans,Women,4,78.37,Store C,313.48
2024-03-31,Sweater,Women,3,60.92,Store C,182.76
2023-11-11,Dress,Children,19,52.54,Store C,998.26
2024-06-12,Jacket,Unisex,18,37.77,Store C,679.86
2024-04-06,Pants,Women,15,7.33,Store C,109.95
2024-03-14,Shorts,Children,9,14.93,Store B,134.37
2024-03-05,T-Shirt,Unisex,17,44.52,Store B,756.84
2024-01-23,Pants,Unisex,14,96.36,Store E,1349.04
2024-04-21,Dress,Children,15,16.03,Store B,240.45000000000002
2023-10-12,Jeans,Unisex,1,94.36,Store A,94.36
2024-02-15,Shorts,Unisex,3,18.46,Store E,55.38
2023-08-01,Jacket,Women,16,34.63,Store D,554.08
2023-10-02,Shorts,Women,11,48.26,Store C,530.86
2024-01-21,Pants,Women,12,24.65,Store B,295.79999999999995
2024-03-29,Pants,Children,10,50.88,Store A,508.8
2024-01-22,Coat,Men,16,50.24,Store D,803.84
2024-05-31,Blouse,Unisex,8,46.63,Store C,373.04
2023-07-27,Shorts,Children,6,71.19,Store C,427.14
2023-09-22,Coat,Men,12,35.3,Store D,423.59999999999997
2023-06-21,Pants,Men,8,33.53,Store D,268.24
2024-02-16,Sweater,Children,4,81.97,Store D,327.88
2023-09-25,Pants,Men,8,15.93,Store A,127.44
2023-08-28,Shorts,Women,18,85.67,Store E,1542.06
2024-06-03,Jacket,Children,5,66.56,Store E,332.8
2024-03-09,Shorts,Unisex,9,69.33,Store B,623.97
2023-09-30,Shorts,Women,4,20.61,Store C,82.44
2023-08-26,Skirt,Unisex,17,98.47,Store B,1673.99
2024-01-27,Dress,Men,9,28.17,Store E,253.53000000000003
2024-05-07,Skirt,Women,1,21.57,Store D,21.57
2024-01-18,Pants,Unisex,13,20.21,Store C,262.73
2023-11-18,Shorts,Children,16,58.19,Store E,931.04
2023-12-01,Dress,Men,13,96.05,Store C,1248.6499999999999
2024-02-13,Skirt,Unisex,14,27.03,Store B,378.42
2023-08-09,Shorts,Men,3,43.48,Store E,130.44
2023-07-10,Jeans,Unisex,6,22.52,Store B,135.12
2023-11-01,Skirt,Children,18,65.85,Store C,1185.3
2023-12-27,Dress,Women,19,46.05,Store A,874.9499999999999
2024-03-26,Skirt,Unisex,5,7.77,Store D,38.849999999999994
2024-03-01,Blouse,Men,15,63.34,Store B,950.1
2024-04-23,Blouse,Children,2,23.75,Store C,47.5
2024-02-29,Pants,Women,10,61.26,Store E,612.6
2023-11-15,Jeans,Men,18,41.94,Store B,754.92
2023-10-19,Jacket,Children,13,71.95,Store C,935.35
2023-08-25,Jacket,Men,5,24.55,Store A,122.75
2023-11-25,Dress,Children,1,76.47,Store B,76.47
2023-09-03,Sweater,Women,1,81.83,Store C,81.83
2024-01-16,Jacket,Women,18,10.94,Store B,196.92
2024-05-22,Dress,Men,15,14.67,Store C,220.05
2023-06-18,Jeans,Children,17,87.84,Store D,1493.28
2024-01-20,Sweater,Unisex,11,22.76,Store C,250.36
2023-12-03,Sweater,Women,17,35.97,Store C,611.49
2023-07-07,Blouse,Unisex,13,48.47,Store C,630.11
2023-07-27,Pants,Unisex,1,29.92,Store E,29.92
2023-08-23,Shorts,Men,2,86.95,Store C,173.9
2023-12-25,Sweater,Men,9,55.13,Store D,496.17
2024-04-10,T-Shirt,Men,3,65.72,Store A,197.16
2023-11-22,Dress,Children,1,61.71,Store D,61.71
2024-06-01,Sweater,Women,16,63.07,Store A,1009.12
2023-11-22,Sweater,Women,6,60.77,Store E,364.62
2023-07-14,Coat,Unisex,17,38.05,Store E,646.8499999999999
2023-07-06,T-Shirt,Men,5,85.32,Store E,426.59999999999997
2023-10-24,Coat,Children,5,63.65,Store A,318.25
2023-08-20,Sweater,Women,6,82.31,Store D,493.86
2023-08-16,Shorts,Children,3,72.07,Store B,216.20999999999998
2024-06-12,T-Shirt,Men,5,33.26,Store E,166.29999999999998
2023-12-09,Blouse,Men,5,63.38,Store A,316.90000000000003
2024-02-13,Skirt,Women,10,13.05,Store D,130.5
2023-09-29,Sweater,Unisex,10,17.73,Store E,177.3
2023-11-05,Sweater,Unisex,19,16.2,Store C,307.8
2023-07-19,Pants,Men,17,34.01,Store D,578.17
2024-05-05,Pants,Men,14,22.39,Store A,313.46000000000004
2024-05-22,Coat,Unisex,9,70.88,Store B,637.92
2023-08-22,Dress,Men,14,53.53,Store B,749.4200000000001
2023-07-04,Shorts,Women,1,44.73,Store B,44.73
2023-07-12,Dress,Women,19,18.1,Store C,343.90000000000003
2023-06-17,Skirt,Children,13,41.45,Store D,538.85
2023-12-10,Sweater,Unisex,13,22.65,Store E,294.45
2023-09-16,Shorts,Men,4,65.37,Store D,261.48
2023-12-02,T-Shirt,Children,1,70.88,Store B,70.88
2023-07-24,Sweater,Women,17,66.3,Store C,1127.1
2023-11-22,Blouse,Unisex,8,99.99,Store B,799.92
2023-08-02,Sweater,Women,2,57.72,Store A,115.44
2023-09-08,Jacket,Men,8,51.52,Store D,412.16
2023-12-28,Shorts,Children,7,18.33,Store C,128.31
2023-12-11,Jacket,Men,2,34.89,Store B,69.78
2024-04-12,Coat,Men,3,47.85,Store C,143.55
2023-12-26,Pants,Unisex,18,10.09,Store A,181.62
2024-01-11,T-Shirt,Unisex,12,39.11,Store A,469.32
2024-04-25,Sweater,Men,1,5.91,Store D,5.91
2023-10-11,Coat,Unisex,12,17.97,Store C,215.64
2024-03-31,Coat,Children,5,82.45,Store B,412.25
2024-05-02,T-Shirt,Children,17,96.56,Store B,1641.52
2023-09-23,Jeans,Men,16,53.02,Store E,848.32
2024-01-31,Sweater,Children,15,52.02,Store B,780.3000000000001
2023-11-30,Jacket,Men,15,70.05,Store D,1050.75
2023-09-30,Shorts,Children,5,44.48,Store A,222.39999999999998
2023-10-10,Jacket,Women,14,84.79,Store B,1187.0600000000002
2023-09-17,T-Shirt,Men,2,51.43,Store E,102.86
2023-12-20,Skirt,Children,11,12.85,Store D,141.35
2024-05-14,Sweater,Women,19,7.93,Store D,150.67
2024-05-20,Blouse,Men,7,77.3,Store D,541.1
2023-09-19,Dress,Children,6,32.75,Store D,196.5
2023-11-04,Shorts,Children,2,31.11,Store D,62.22
2023-10-16,Blouse,Women,6,56.07,Store D,336.42
2023-11-07,Blouse,Unisex,18,20.98,Store A,377.64
2024-05-03,Sweater,Unisex,2,48.45,Store A,96.9
2023-07-17,Skirt,Women,18,75.54,Store E,1359.72
2023-12-21,Sweater,Women,15,77.76,Store B,1166.4
2024-03-05,Skirt,Men,19,57.22,Store C,1087.18
2024-06-03,Jeans,Unisex,2,15.76,Store A,31.52
2024-05-16,Shorts,Men,6,15.85,Store C,95.1
2023-07-05,T-Shirt,Children,1,78.64,Store E,78.64
2024-01-16,Pants,Women,15,83.21,Store B,1248.1499999999999
2023-10-31,T-Shirt,Men,10,39.85,Store A,398.5
2024-03-19,Blouse,Women,19,83.15,Store A,1579.8500000000001
2023-07-20,Dress,Men,17,8.95,Store B,152.14999999999998
2024-03-19,Jeans,Children,5,73.3,Store B,366.5
2023-07-30,T-Shirt,Children,4,56.9,Store C,227.6
2024-04-12,T-Shirt,Unisex,10,99.03,Store C,990.3
2024-03-12,Dress,Unisex,17,14.73,Store B,250.41
2023-12-30,Dress,Children,10,83.86,Store A,838.6
2023-11-16,T-Shirt,Men,17,76.38,Store D,1298.46
2023-11-03,Coat,Women,5,33.28,Store E,166.4
2024-05-19,Jacket,Children,2,99.93,Store E,199.86
2024-03-22,Dress,Children,6,47.72,Store C,286.32
2023-09-01,Jacket,Men,2,38.11,Store B,76.22
2023-10-25,Shorts,Children,13,82.59,Store A,1073.67
2023-07-31,Jeans,Children,11,46.71,Store A,513.8100000000001
2024-03-03,Coat,Men,11,99.43,Store C,1093.73
2023-11-01,Dress,Children,16,78.69,Store C,1259.04
2023-12-17,Shorts,Unisex,11,27.51,Store D,302.61
2023-12-04,Skirt,Unisex,19,82.02,Store E,1558.3799999999999
2023-10-03,Blouse,Unisex,15,60.85,Store E,912.75
2023-09-24,Jacket,Unisex,16,38.31,Store E,612.96
2024-05-13,Coat,Children,11,72.52,Store C,797.7199999999999
2024-02-15,Coat,Women,16,65.11,Store D,1041.76
2024-05-07,Jeans,Unisex,8,20.77,Store B,166.16
2024-05-30,Jacket,Unisex,4,18.23,Store C,72.92
2023-06-13,Skirt,Children,8,24.63,Store D,197.04
2023-10-14,Jeans,Children,4,24.66,Store C,98.64
2023-07-27,Coat,Men,3,10.64,Store B,31.92
2023-10-31,T-Shirt,Unisex,3,38.33,Store B,114.99
2023-10-10,Skirt,Men,18,31.7,Store D,570.6
2023-08-24,Coat,Unisex,19,56.18,Store A,1067.42
2023-12-13,Sweater,Women,19,35.75,Store B,679.25
2023-08-13,Sweater,Children,5,71.89,Store B,359.45
2024-03-09,Dress,Children,18,32.49,Store B,584.82
2024-04-08,Jeans,Men,10,30.4,Store B,304.0
2023-12-16,Coat,Men,6,86.51,Store A,519.0600000000001
2023-09-13,Dress,Children,1,98.62,Store E,98.62
2023-12-03,Jeans,Children,5,69.53,Store E,347.65
2024-04-09,Skirt,Children,9,14.05,Store B,126.45
2024-06-10,Coat,Unisex,12,96.46,Store A,1157.52
2024-02-06,Jeans,Unisex,14,79.64,Store C,1114.96
2023-08-01,Coat,Women,2,92.28,Store A,184.56
2023-06-27,T-Shirt,Unisex,17,99.29,Store D,1687.93
2024-01-26,Blouse,Children,14,87.37,Store C,1223.18
2024-06-03,Pants,Unisex,13,17.05,Store E,221.65
2023-11-27,Sweater,Men,9,87.28,Store E,785.52
2024-01-20,Blouse,Children,15,28.72,Store A,430.79999999999995
2024-01-24,Jeans,Unisex,15,72.58,Store E,1088.7
2023-12-27,Pants,Children,11,83.71,Store A,920.81
2024-03-12,Blouse,Men,16,77.34,Store A,1237.44
2023-12-20,T-Shirt,Men,17,69.24,Store A,1177.08
2024-06-01,Sweater,Unisex,4,51.5,Store A,206.0
2024-06-12,Shorts,Children,1,59.86,Store A,59.86
2024-04-21,Jeans,Women,8,30.53,Store D,244.24
2024-04-12,Sweater,Men,17,44.35,Store D,753.95
2023-12-13,Blouse,Women,3,47.94,Store D,143.82
2024-02-25,Shorts,Unisex,15,65.19,Store A,977.8499999999999
2024-04-29,Jacket,Men,15,88.61,Store E,1329.15
2024-01-30,Sweater,Women,14,13.84,Store C,193.76
2023-06-17,Jacket,Men,14,53.98,Store D,755.7199999999999
2024-01-11,Pants,Women,2,31.43,Store B,62.86
2024-06-01,Skirt,Children,13,93.95,Store B,1221.3500000000001
2024-05-28,Coat,Children,14,40.06,Store A,560.84
2024-02-17,Pants,Unisex,19,95.27,Store C,1810.1299999999999
2023-07-26,Shorts,Men,7,36.09,Store D,252.63000000000002
2023-10-05,Shorts,Women,3,5.23,Store A,15.690000000000001
2023-10-01,Sweater,Unisex,15,78.54,Store E,1178.1000000000001
2023-12-16,Coat,Children,14,74.61,Store C,1044.54
2023-08-25,Skirt,Children,11,74.44,Store E,818.8399999999999
2024-06-03,Blouse,Unisex,15,48.55,Store E,728.25
2023-11-17,Dress,Men,13,68.09,Store B,885.1700000000001
2023-09-30,Jeans,Women,18,39.03,Store D,702.54
2023-10-28,Skirt,Children,6,11.02,Store A,66.12
2023-06-23,Shorts,Unisex,3,55.77,Store E,167.31
2024-02-18,Dress,Children,19,25.69,Store E,488.11
2023-08-17,Shorts,Children,15,45.82,Store A,687.3
2023-09-30,Coat,Women,5,25.13,Store C,125.64999999999999
2023-09-15,Coat,Men,10,30.51,Store A,305.1
2023-06-18,Sweater,Men,7,83.69,Store A,585.8299999999999
2023-11-06,Blouse,Women,17,37.09,Store D,630.5300000000001
2024-02-02,T-Shirt,Unisex,7,59.9,Store B,419.3
2024-05-06,Shorts,Unisex,12,58.78,Store E,705.36
2023-12-01,Blouse,Men,17,51.11,Store B,868.87
2024-01-27,Jacket,Children,13,37.66,Store C,489.5799999999999
2023-10-17,Shorts,Children,4,69.84,Store E,279.36
2024-04-06,Dress,Unisex,10,9.6,Store B,96.0
2023-12-22,Blouse,Women,3,14.46,Store C,43.38
2023-12-02,Skirt,Children,9,79.47,Store D,715.23
2024-05-04,Blouse,Unisex,13,48.66,Store C,632.5799999999999
2023-10-01,Skirt,Women,18,16.8,Store B,302.40000000000003
2024-02-01,Coat,Men,15,86.48,Store A,1297.2
2024-01-18,Skirt,Women,4,46.92,Store E,187.68
2024-06-11,Pants,Men,15,5.06,Store D,75.89999999999999
2024-01-21,T-Shirt,Unisex,2,96.01,Store B,192.02
2023-11-01,Pants,Women,15,24.22,Store D,363.29999999999995
2023-07-22,Dress,Unisex,8,70.42,Store C,563.36
2024-05-01,Jeans,Men,8,17.53,Store B,140.24
2024-04-22,Dress,Children,17,66.75,Store A,1134.75
2023-09-11,Sweater,Children,12,20.1,Store A,241.20000000000002
2024-04-01,Shorts,Men,19,93.61,Store A,1778.59
2023-10-10,Pants,Children,10,31.03,Store A,310.3
2024-05-06,Dress,Children,9,67.19,Store E,604.71
2023-09-10,Shorts,Women,5,28.79,Store D,143.95
2024-01-06,Shorts,Women,6,40.33,Store B,241.98
2024-01-15,Shorts,Children,2,90.86,Store A,181.72
2023-09-14,T-Shirt,Women,13,20.72,Store E,269.36
2024-06-07,Jeans,Men,6,42.65,Store A,255.89999999999998
2023-07-29,Skirt,Women,5,34.02,Store A,170.10000000000002
2023-10-29,Dress,Women,1,71.45,Store C,71.45
2023-10-19,Sweater,Women,6,27.24,Store B,163.44
2023-09-18,Dress,Unisex,6,67.27,Store D,403.62
2023-10-25,Skirt,Men,16,71.85,Store C,1149.6
2023-11-25,Coat,Children,4,5.1,Store C,20.4
2023-07-13,Blouse,Children,11,50.3,Store D,553.3
2023-11-13,Shorts,Unisex,9,17.61,Store A,158.49
2023-06-16,Pants,Women,3,26.49,Store A,79.47
2023-09-03,Pants,Men,19,69.6,Store B,1322.3999999999999
2023-08-02,Blouse,Men,8,5.88,Store A,47.04
2024-03-16,Sweater,Children,5,71.08,Store C,355.4
2024-01-15,Pants,Unisex,4,82.63,Store C,330.52
2023-06-28,Blouse,Unisex,6,98.87,Store C,593.22
2024-04-04,Blouse,Unisex,2,45.12,Store D,90.24
2023-07-27,Shorts,Unisex,11,17.56,Store A,193.16
2023-09-26,Skirt,Men,4,11.73,Store A,46.92
2024-02-26,Skirt,Women,15,41.39,Store A,620.85
2023-12-02,Skirt,Children,6,74.42,Store A,446.52
2023-07-28,Dress,Men,17,14.73,Store B,250.41
2023-09-11,Jeans,Unisex,6,34.77,Store B,208.62
2024-05-13,Dress,Unisex,19,88.69,Store C,1685.11
2023-08-14,Blouse,Children,2,18.03,Store C,36.06
2024-01-26,Jeans,Women,15,78.48,Store D,1177.2
2023-08-30,Pants,Women,11,76.55,Store E,842.05
2024-03-11,Jacket,Women,8,17.65,Store C,141.2
2024-02-20,Dress,Unisex,19,99.33,Store A,1887.27
2024-06-06,Dress,Men,13,18.57,Store C,241.41
2024-03-01,Shorts,Men,12,55.4,Store C,664.8
2023-12-27,Skirt,Women,5,5.81,Store B,29.049999999999997
2023-09-10,Coat,Children,6,66.75,Store A,400.5
2024-03-29,Pants,Women,4,46.81,Store D,187.24
2023-10-07,Coat,Women,19,73.63,Store D,1398.9699999999998
2023-12-16,Skirt,Children,1,64.67,Store D,64.67
2024-02-05,Jeans,Women,17,19.38,Store C,329.46
2024-02-22,Dress,Children,12,44.11,Store D,529.3199999999999
2023-06-27,Skirt,Children,15,70.22,Store D,1053.3
2023-12-08,Dress,Men,1,86.7,Store D,86.7
2023-12-02,Blouse,Children,14,13.24,Store B,185.36
2024-01-21,Jacket,Women,6,14.54,Store A,87.24
2023-11-10,Skirt,Children,5,76.48,Store B,382.40000000000003
2023-09-07,T-Shirt,Women,11,61.01,Store A,671.11
2023-12-25,Pants,Children,4,41.48,Store B,165.92
2023-06-27,Jacket,Men,13,96.51,Store A,1254.63
2023-12-28,Skirt,Women,11,34.88,Store D,383.68
2023-10-18,T-Shirt,Women,3,18.28,Store E,54.84
2024-02-17,T-Shirt,Women,1,31.31,Store D,31.31
2023-08-06,Pants,Children,6,13.0,Store E,78.0
2023-12-18,Skirt,Men,18,57.57,Store D,1036.26
2023-12-01,Jacket,Men,10,62.0,Store B,620.0
2024-01-10,Shorts,Men,5,62.72,Store E,313.6
2024-02-08,Jeans,Men,10,79.0,Store D,790.0
2024-03-16,T-Shirt,Children,12,70.6,Store C,847.1999999999999
2023-10-29,Coat,Women,2,85.55,Store E,171.1
2023-10-15,Skirt,Unisex,13,67.55,Store A,878.15
2024-01-24,Shorts,Men,8,33.66,Store B,269.28
2023-10-27,Shorts,Unisex,2,54.19,Store D,108.38
2024-01-12,Shorts,Children,1,53.4,Store D,53.4
2024-02-20,Blouse,Children,5,76.05,Store A,380.25
2024-04-11,Jacket,Unisex,9,33.08,Store D,297.71999999999997
2024-04-12,T-Shirt,Women,17,10.18,Store D,173.06
2023-12-25,Skirt,Unisex,9,90.3,Store A,812.6999999999999
2023-11-12,Shorts,Children,11,95.69,Store A,1052.59
2024-05-15,Jeans,Unisex,15,52.01,Store C,780.15
2023-08-03,Jeans,Men,6,15.71,Store C,94.26
2024-03-18,Sweater,Men,3,52.46,Store A,157.38
2023-09-07,Shorts,Women,17,61.42,Store E,1044.14
2024-05-17,Jeans,Unisex,5,55.19,Store E,275.95
2024-04-21,Coat,Unisex,12,97.88,Store E,1174.56
2024-01-26,T-Shirt,Unisex,18,98.75,Store B,1777.5
2023-10-21,Jacket,Unisex,14,93.72,Store C,1312.08
2023-12-29,Jacket,Women,11,17.54,Store E,192.94
2023-10-27,Coat,Children,9,86.78,Store E,781.02
2023-09-08,Skirt,Women,2,59.0,Store E,118.0
2024-06-11,Jeans,Children,12,39.71,Store A,476.52
2024-06-08,Dress,Children,3,69.88,Store D,209.64
2024-01-24,Jeans,Children,3,77.46,Store B,232.38
2024-04-28,Pants,Unisex,1,95.67,Store D,95.67
2024-04-24,Sweater,Women,8,78.18,Store C,625.44
2024-02-16,Coat,Children,8,6.59,Store D,52.72
2024-02-03,Coat,Men,11,11.42,Store B,125.62
2023-10-15,Coat,Children,9,29.91,Store E,269.19
2023-10-17,Dress,Women,5,8.78,Store E,43.9
2023-12-25,Pants,Unisex,14,10.74,Store A,150.36
2023-08-08,Sweater,Men,3,79.98,Store A,239.94
2024-02-04,Shorts,Children,5,53.13,Store B,265.65000000000003
2024-06-09,Shorts,Unisex,5,64.71,Store E,323.54999999999995
2024-02-25,Skirt,Women,19,52.6,Store D,999.4
2024-05-23,Coat,Women,14,44.47,Store D,622.5799999999999
2023-09-25,Sweater,Men,4,71.67,Store B,286.68
2024-03-01,Skirt,Men,13,12.83,Store A,166.79
2024-05-13,Coat,Children,10,55.97,Store D,559.7
2024-04-19,Coat,Unisex,18,63.52,Store C,1143.3600000000001
2023-08-19,T-Shirt,Unisex,8,31.36,Store B,250.88
2024-04-23,Coat,Women,8,34.44,Store C,275.52
2023-07-24,Jeans,Women,7,53.57,Store C,374.99
2023-06-28,Dress,Children,8,24.3,Store A,194.4
2023-10-25,Dress,Children,14,81.77,Store E,1144.78
2023-09-01,Skirt,Women,19,55.96,Store B,1063.24
2024-02-04,Jeans,Women,6,42.12,Store E,252.71999999999997
2024-03-23,Jacket,Unisex,1,65.26,Store D,65.26
2024-01-07,Dress,Unisex,15,84.28,Store D,1264.2
2023-10-13,Jacket,Unisex,1,69.7,Store B,69.7
2024-04-18,Pants,Children,17,11.28,Store A,191.76
2024-05-29,Jeans,Unisex,1,71.37,Store D,71.37
2023-08-28,Jacket,Men,15,74.35,Store D,1115.25
2023-07-30,T-Shirt,Men,2,85.41,Store E,170.82
2023-11-03,Sweater,Unisex,14,10.5,Store D,147.0
2024-01-18,Shorts,Unisex,8,13.19,Store A,105.52
2023-09-14,Coat,Women,8,46.28,Store D,370.24
2024-03-19,Shorts,Women,19,48.07,Store D,913.33
2023-09-01,Skirt,Children,7,62.84,Store C,439.88
2023-07-07,T-Shirt,Men,19,34.38,Store A,653.22
2024-02-05,Dress,Men,6,75.46,Store D,452.76
2023-11-28,Skirt,Children,6,75.36,Store A,452.15999999999997
2024-06-08,Skirt,Unisex,3,16.35,Store A,49.050000000000004
2024-05-29,Shorts,Unisex,7,72.25,Store D,505.75
2024-02-28,Jeans,Children,19,71.64,Store D,1361.16
2023-10-19,Dress,Men,8,20.56,Store A,164.48
2023-06-29,Skirt,Men,10,95.54,Store E,955.4000000000001
2024-06-09,Coat,Unisex,15,54.69,Store E,820.3499999999999
2023-11-17,Dress,Women,15,79.38,Store A,1190.6999999999998
2024-06-08,Sweater,Children,1,73.47,Store A,73.47
2023-08-13,Jeans,Children,7,20.86,Store E,146.01999999999998
2024-01-07,Pants,Unisex,4,17.06,Store E,68.24
2024-05-07,Dress,Children,6,79.21,Store C,475.26
2024-04-10,Jacket,Men,1,30.53,Store E,30.53
2024-03-05,Skirt,Unisex,5,89.21,Store E,446.04999999999995
2024-06-05,Jacket,Men,1,78.29,Store B,78.29
2024-01-11,Jeans,Women,4,7.79,Store D,31.16
2024-06-07,T-Shirt,Children,2,81.68,Store C,163.36
2023-10-07,Jacket,Children,10,30.84,Store C,308.4
2023-10-21,Skirt,Men,5,11.07,Store A,55.35
2024-02-09,Coat,Unisex,10,72.67,Store B,726.7
2023-10-27,Coat,Unisex,1,59.78,Store D,59.78
2024-02-15,Skirt,Children,6,12.32,Store C,73.92
2023-10-27,Shorts,Men,13,48.24,Store E,627.12
2024-02-16,Jeans,Women,15,39.21,Store E,588.15
2024-05-31,Shorts,Men,4,52.46,Store E,209.84
2024-01-21,Skirt,Unisex,13,58.85,Store D,765.0500000000001
2023-11-06,Sweater,Children,15,39.93,Store C,598.95
2023-10-09,Skirt,Children,8,29.24,Store D,233.92
2024-02-27,Pants,Children,5,14.78,Store A,73.89999999999999
2023-10-27,Pants,Women,15,59.52,Store A,892.8000000000001
2023-09-06,Shorts,Women,4,73.66,Store B,294.64
2023-10-25,Shorts,Unisex,12,26.7,Store A,320.4
2023-06-14,Jeans,Men,13,53.34,Store C,693.4200000000001
2024-05-18,Coat,Men,2,9.18,Store C,18.36
2023-08-13,T-Shirt,Men,19,86.98,Store C,1652.6200000000001
2024-02-06,Sweater,Women,19,28.23,Store E,536.37
2023-06-21,Blouse,Children,4,49.82,Store E,199.28
2023-08-14,Coat,Unisex,4,41.38,Store C,165.52
2023-10-23,Skirt,Unisex,11,19.26,Store A,211.86
2024-03-01,T-Shirt,Women,5,93.46,Store A,467.29999999999995
2024-05-16,Jeans,Women,11,86.46,Store B,951.06
2023-08-30,Dress,Children,10,57.52,Store D,575.2
2023-12-21,Coat,Children,8,91.83,Store B,734.64
2023-10-28,Coat,Women,6,75.36,Store D,452.15999999999997
2023-08-11,T-Shirt,Unisex,6,44.84,Store A,269.04
2024-03-27,Skirt,Children,8,35.57,Store C,284.56
2023-08-14,Coat,Children,15,44.54,Store E,668.1
2023-11-07,T-Shirt,Unisex,14,73.43,Store B,1028.02
2023-12-26,Jacket,Children,11,30.77,Store B,338.46999999999997
2023-09-22,Shorts,Unisex,12,12.4,Store A,148.8
2023-07-19,Pants,Men,13,40.42,Store D,525.46
2023-06-30,Shorts,Children,8,52.69,Store B,421.52
2024-03-19,Skirt,Children,18,90.68,Store D,1632.2400000000002
2023-07-12,Jacket,Men,1,22.04,Store B,22.04
2024-04-18,Coat,Unisex,15,81.41,Store C,1221.1499999999999
2023-11-16,Sweater,Children,8,98.23,Store A,785.84
2024-03-05,Shorts,Men,11,95.64,Store D,1052.04
2024-03-02,Jeans,Unisex,12,11.55,Store A,138.60000000000002
2023-07-27,Shorts,Children,12,49.18,Store E,590.16
2024-06-07,Blouse,Women,4,31.82,Store A,127.28
2023-08-16,Sweater,Men,16,85.26,Store D,1364.16
2024-01-09,Blouse,Unisex,4,36.09,Store D,144.36
2024-02-22,Blouse,Women,5,57.54,Store E,287.7
2023-10-08,Jeans,Unisex,5,5.76,Store E,28.799999999999997
2023-08-31,Jacket,Women,8,24.06,Store B,192.48
2023-09-06,Blouse,Women,10,58.56,Store D,585.6
2023-11-30,Sweater,Men,17,33.87,Store A,575.79
2023-09-06,Shorts,Men,9,64.16,Store E,577.4399999999999
2024-01-17,Skirt,Women,19,49.07,Store A,932.33
2024-04-16,Sweater,Men,14,61.21,Store E,856.94
2023-06-13,Pants,Unisex,8,51.87,Store D,414.96
2024-01-29,T-Shirt,Children,9,78.4,Store E,705.6
2024-04-08,Shorts,Unisex,11,23.57,Store D,259.27
2023-10-25,Jeans,Women,1,90.54,Store E,90.54
2024-06-12,Blouse,Unisex,14,77.25,Store B,1081.5
2024-03-29,Skirt,Women,5,28.29,Store E,141.45
2024-02-19,Blouse,Unisex,14,5.61,Store B,78.54
2023-09-07,Jeans,Unisex,4,43.95,Store B,175.8
2023-06-22,Sweater,Men,1,27.13,Store A,27.13
2023-12-03,Pants,Women,19,37.91,Store D,720.29
2023-09-04,T-Shirt,Women,8,84.76,Store E,678.08
2023-07-23,Pants,Children,15,88.33,Store E,1324.95
2023-11-30,Shorts,Unisex,15,95.34,Store C,1430.1000000000001
2023-10-19,Sweater,Unisex,9,5.14,Store E,46.26
2024-03-14,T-Shirt,Children,9,67.44,Store D,606.96
2023-07-14,Dress,Women,10,85.66,Store D,856.5999999999999
2024-05-03,Pants,Unisex,9,74.09,Store E,666.8100000000001
2023-09-25,Blouse,Children,3,14.88,Store B,44.64
2024-02-20,Coat,Children,11,55.33,Store C,608.63
2023-07-11,Shorts,Children,6,27.63,Store D,165.78
2024-01-09,Shorts,Unisex,2,51.74,Store C,103.48
2024-01-22,T-Shirt,Women,7,10.69,Store C,74.83
2023-11-02,Dress,Women,18,99.71,Store D,1794.78
2023-06-21,Skirt,Children,2,72.61,Store B,145.22
2024-06-05,Pants,Children,17,13.84,Store B,235.28
2024-04-13,Jacket,Women,11,92.52,Store D,1017.7199999999999
2024-05-12,Skirt,Children,12,90.24,Store E,1082.8799999999999
2023-06-13,Shorts,Children,19,54.38,Store E,1033.22
2023-11-12,Shorts,Women,7,71.58,Store C,501.06
2023-07-25,Jeans,Unisex,6,40.39,Store E,242.34
2023-11-08,T-Shirt,Children,1,97.58,Store C,97.58
2023-11-07,Coat,Unisex,17,13.07,Store E,222.19
2023-08-20,Dress,Children,11,14.08,Store B,154.88
2024-03-03,Jacket,Children,18,17.68,Store B,318.24
2023-10-28,Skirt,Children,17,82.9,Store B,1409.3000000000002
2023-06-27,Pants,Men,7,12.11,Store E,84.77
2023-12-05,T-Shirt,Unisex,17,58.94,Store C,1001.98
2023-06-28,Pants,Unisex,9,46.32,Store C,416.88
2023-10-30,Sweater,Children,17,96.6,Store B,1642.1999999999998
2023-09-03,Jeans,Women,8,27.49,Store B,219.92
2024-01-05,Dress,Children,17,29.79,Store E,506.43
2023-10-24,Jeans,Men,7,34.93,Store E,244.51
2023-09-09,Shorts,Children,1,81.08,Store C,81.08
2023-07-09,Jeans,Men,13,71.57,Store A,930.4099999999999
2024-02-08,Jacket,Children,19,74.86,Store C,1422.34
2024-02-19,Shorts,Unisex,19,35.22,Store E,669.18
2024-03-29,Skirt,Children,17,30.84,Store D,524.28
2023-11-07,Pants,Unisex,13,12.1,Store E,157.29999999999998
2023-10-21,Skirt,Women,16,24.26,Store E,388.16
2024-01-28,Sweater,Women,8,79.09,Store D,632.72
2023-09-04,Shorts,Children,19,60.55,Store E,1150.45
2023-11-01,Shorts,Children,18,19.76,Store C,355.68
2024-03-29,Dress,Women,1,20.62,Store D,20.62
2024-05-05,Shorts,Men,14,49.28,Store A,689.9200000000001
2024-01-02,Pants,Women,19,43.62,Store E,828.78
2023-09-14,Jacket,Women,15,55.91,Store A,838.65
2024-01-21,Sweater,Men,18,96.64,Store A,1739.52
2023-07-02,Dress,Women,2,24.73,Store D,49.46
2024-05-14,Coat,Women,17,34.29,Store B,582.93
2024-06-01,Pants,Men,18,30.18,Store A,543.24
2023-08-17,Jacket,Men,6,16.39,Store A,98.34
2024-01-07,Jeans,Unisex,19,19.97,Store B,379.42999999999995
2023-12-05,Skirt,Children,4,70.18,Store C,280.72
2023-12-17,Sweater,Unisex,1,83.51,Store B,83.51
2024-03-11,Blouse,Men,8,71.2,Store C,569.6
2023-09-21,Pants,Women,7,8.83,Store C,61.81
2024-06-01,Skirt,Men,3,84.41,Store B,253.23
2023-06-26,T-Shirt,Women,10,36.14,Store A,361.4
